id,Order ID,Amount,Profit,Quantity,Category,Sub-Category
1,B25601,1275,-1148,7,Furniture,Bookcases
2,B25601,66,-12,5,Clothing,Stole
3,B25601,8,-2,3,Clothing,Hankerchief
4,B25601,80,-56,4,Electronics,Electronic Games
5,B25602,168,-111,2,Electronics,Phones
6,B25602,424,-272,5,Electronics,Phones
7,B25602,2617,1151,4,Electronics,Phones
8,B25602,561,212,3,Clothing,Saree
9,B25602,119,-5,8,Clothing,Saree
10,B25603,1355,-60,5,Clothing,Trousers
11,B25603,24,-30,1,Furniture,Chairs
12,B25603,193,-166,3,Clothing,Saree
13,B25603,180,5,3,Clothing,Trousers
14,B25603,116,16,4,Clothing,Stole
15,B25603,107,36,6,Clothing,Stole
16,B25603,12,1,2,Clothing,Hankerchief
17,B25603,38,18,1,Clothing,Kurti
18,B25604,65,17,2,Clothing,T-shirt
19,B25604,157,5,9,Clothing,Saree
20,B25605,75,0,7,Clothing,Saree
21,B25606,87,4,2,Clothing,Shirt
22,B25607,50,15,4,Clothing,Leggings
23,B25608,1364,-1864,5,Furniture,Tables
24,B25608,476,0,3,Furniture,Chairs
25,B25608,257,23,5,Clothing,Hankerchief
26,B25608,856,385,6,Electronics,Printers
27,B25609,485,29,4,Electronics,Electronic Games
28,B25609,25,-5,4,Clothing,Saree
29,B25610,1076,-38,4,Electronics,Printers
30,B25610,107,-54,4,Clothing,Stole
31,B25610,68,-55,5,Electronics,Accessories
32,B25610,781,-594,6,Electronics,Printers
33,B25610,43,0,3,Clothing,Saree
34,B25610,30,-5,2,Furniture,Furnishings
35,B25611,160,-59,2,Clothing,Saree
36,B25612,259,-55,2,Furniture,Chairs
37,B25613,1603,0,9,Clothing,Saree
38,B25614,494,54,4,Furniture,Bookcases
39,B25614,98,-12,2,Electronics,Electronic Games
40,B25615,68,20,5,Clothing,Hankerchief
41,B25616,42,12,5,Clothing,Hankerchief
42,B25616,116,-56,5,Clothing,Stole
43,B25616,22,-2,3,Clothing,Hankerchief
44,B25616,14,-2,3,Clothing,Hankerchief
45,B25617,305,-270,5,Electronics,Electronic Games
46,B25618,362,127,1,Furniture,Bookcases
47,B25618,12,0,2,Clothing,Hankerchief
48,B25619,353,90,8,Clothing,Saree
49,B25620,193,46,1,Electronics,Printers
50,B25621,233,-10,5,Electronics,Electronic Games
51,B25621,228,63,3,Electronics,Electronic Games
52,B25621,333,-15,3,Electronics,Phones
53,B25622,534,0,3,Clothing,Saree
54,B25623,53,1,4,Clothing,Stole
55,B25623,158,69,3,Clothing,Stole
56,B25623,149,-87,4,Clothing,Saree
57,B25623,105,20,2,Clothing,Stole
58,B25624,26,12,3,Clothing,Hankerchief
59,B25625,97,29,2,Clothing,Hankerchief
60,B25625,59,30,3,Clothing,Leggings
61,B25625,635,-349,5,Clothing,Saree
62,B25626,46,-14,1,Electronics,Phones
63,B25626,1103,-276,3,Furniture,Chairs
64,B25627,55,-39,4,Clothing,Stole
65,B25628,45,13,4,Clothing,Skirt
66,B25628,24,-9,4,Clothing,Saree
67,B25628,35,-8,2,Furniture,Furnishings
68,B25629,1560,421,3,Clothing,Trousers
69,B25630,133,12,5,Clothing,Stole
70,B25630,114,-39,5,Clothing,Kurti
71,B25630,143,-129,2,Electronics,Phones
72,B25630,40,-7,3,Clothing,Stole
73,B25630,34,-22,4,Clothing,T-shirt
74,B25630,42,-26,2,Clothing,Kurti
75,B25631,89,-89,2,Furniture,Furnishings
76,B25632,19,-2,2,Clothing,Leggings
77,B25633,249,-130,4,Electronics,Phones
78,B25633,711,-8,4,Clothing,Saree
79,B25633,496,-79,2,Clothing,Trousers
80,B25634,389,-83,3,Furniture,Chairs
81,B25635,40,16,3,Clothing,Hankerchief
82,B25635,23,2,2,Clothing,Skirt
83,B25635,382,30,3,Clothing,Saree
84,B25636,637,113,5,Clothing,Saree
85,B25637,117,14,3,Clothing,Shirt
86,B25638,182,-11,3,Furniture,Bookcases
87,B25638,880,97,8,Furniture,Furnishings
88,B25638,154,39,3,Clothing,Hankerchief
89,B25638,816,-96,3,Electronics,Printers
90,B25639,1629,-153,3,Electronics,Phones
91,B25640,68,-62,2,Clothing,Trousers
92,B25640,314,-239,13,Clothing,Hankerchief
93,B25640,122,-47,4,Clothing,Saree
94,B25641,22,-6,1,Furniture,Furnishings
95,B25642,434,26,11,Clothing,Shirt
96,B25643,1061,-36,8,Furniture,Bookcases
97,B25643,50,-44,2,Clothing,Hankerchief
98,B25643,37,-23,4,Clothing,Shirt
99,B25643,263,-63,2,Electronics,Electronic Games
100,B25643,36,-7,1,Electronics,Electronic Games
101,B25644,76,-92,8,Furniture,Furnishings
102,B25645,273,-87,4,Electronics,Phones
103,B25645,86,0,4,Clothing,T-shirt
104,B25645,133,-42,1,Electronics,Printers
105,B25645,183,-66,5,Electronics,Phones
106,B25646,20,-8,2,Clothing,Saree
107,B25647,42,-6,4,Clothing,Saree
108,B25648,100,-23,1,Electronics,Phones
109,B25648,30,13,1,Clothing,T-shirt
110,B25648,55,-26,4,Clothing,Saree
111,B25648,130,-41,4,Clothing,Saree
112,B25649,27,-25,2,Clothing,Stole
113,B25650,245,-78,2,Electronics,Printers
114,B25650,211,-105,2,Clothing,Saree
115,B25650,31,-2,2,Clothing,Saree
116,B25650,28,-26,2,Clothing,Stole
117,B25650,512,-225,5,Clothing,Saree
118,B25650,925,-447,5,Electronics,Electronic Games
119,B25650,238,20,2,Clothing,Saree
120,B25650,351,-47,8,Electronics,Phones
121,B25650,269,111,3,Clothing,Trousers
122,B25651,200,-60,4,Furniture,Bookcases
123,B25651,44,-8,3,Clothing,Stole
124,B25651,7,0,1,Clothing,Leggings
125,B25651,11,-4,2,Clothing,Skirt
126,B25651,16,-10,2,Clothing,T-shirt
127,B25651,172,-103,3,Furniture,Chairs
128,B25651,49,3,1,Clothing,Shirt
129,B25651,823,-18,7,Furniture,Chairs
130,B25651,23,4,1,Clothing,Saree
131,B25651,457,-41,4,Clothing,Saree
132,B25652,24,-21,7,Clothing,Skirt
133,B25652,25,-2,5,Clothing,Hankerchief
134,B25652,174,-70,3,Electronics,Accessories
135,B25652,206,-206,3,Clothing,Saree
136,B25652,21,-13,3,Clothing,Leggings
137,B25652,34,-6,4,Clothing,Leggings
138,B25652,9,-6,2,Clothing,Hankerchief
139,B25653,1279,-640,8,Electronics,Printers
140,B25653,28,-3,2,Clothing,Saree
141,B25653,427,-50,7,Electronics,Phones
142,B25653,168,-10,3,Electronics,Accessories
143,B25653,1327,318,8,Furniture,Chairs
144,B25653,195,-117,5,Electronics,Phones
145,B25653,115,25,1,Electronics,Accessories
146,B25653,668,-31,3,Electronics,Printers
147,B25653,227,102,8,Electronics,Accessories
148,B25654,34,12,3,Clothing,Hankerchief
149,B25654,229,-23,2,Clothing,Saree
150,B25654,54,-3,3,Clothing,Saree
151,B25654,269,-86,2,Electronics,Electronic Games
152,B25654,122,-21,3,Furniture,Furnishings
153,B25654,105,46,2,Clothing,Stole
154,B25654,450,-90,3,Electronics,Printers
155,B25654,121,-17,3,Furniture,Furnishings
156,B25655,44,-26,3,Clothing,Hankerchief
157,B25655,7,-4,3,Clothing,Hankerchief
158,B25655,396,-31,9,Clothing,Saree
159,B25655,97,-62,2,Clothing,Trousers
160,B25655,110,-68,4,Clothing,Saree
161,B25655,312,-312,7,Furniture,Chairs
162,B25655,9,-6,2,Clothing,Skirt
163,B25655,6,-3,1,Clothing,Hankerchief
164,B25655,74,23,8,Clothing,Skirt
165,B25656,534,0,3,Clothing,Saree
166,B25656,30,-5,5,Clothing,Stole
167,B25656,61,-23,2,Clothing,Saree
168,B25656,6,3,1,Clothing,Hankerchief
169,B25656,24,-1,2,Clothing,Hankerchief
170,B25656,56,18,2,Clothing,Hankerchief
171,B25656,406,126,2,Clothing,Saree
172,B25656,624,37,2,Electronics,Electronic Games
173,B25656,101,18,9,Clothing,Skirt
174,B25656,1389,680,7,Clothing,Saree
175,B25656,651,169,5,Electronics,Printers
176,B25656,13,-1,3,Clothing,Hankerchief
177,B25657,1021,-48,4,Electronics,Electronic Games
178,B25657,32,-22,5,Clothing,Saree
179,B25657,332,-43,6,Electronics,Phones
180,B25657,288,-180,4,Furniture,Chairs
181,B25658,27,9,2,Clothing,T-shirt
182,B25659,148,72,7,Clothing,T-shirt
183,B25660,245,-78,3,Clothing,Saree
184,B25661,19,-15,3,Clothing,Hankerchief
185,B25661,224,-81,3,Furniture,Chairs
186,B25661,58,-42,2,Furniture,Chairs
187,B25661,145,-104,5,Furniture,Chairs
188,B25661,55,-33,2,Furniture,Chairs
189,B25661,7,-1,2,Clothing,Hankerchief
190,B25662,24,-2,2,Clothing,T-shirt
191,B25662,86,-21,1,Electronics,Electronic Games
192,B25662,385,-77,11,Furniture,Furnishings
193,B25663,294,138,2,Electronics,Printers
194,B25664,444,-200,4,Electronics,Phones
195,B25664,785,52,2,Electronics,Phones
196,B25664,258,-27,2,Electronics,Phones
197,B25664,83,-48,1,Furniture,Bookcases
198,B25665,166,-113,4,Electronics,Accessories
199,B25666,934,-916,7,Electronics,Electronic Games
200,B25667,11,-2,4,Clothing,Hankerchief
201,B25667,41,6,5,Clothing,Skirt
202,B25667,344,-34,3,Clothing,Saree
203,B25667,1030,206,8,Electronics,Printers
204,B25667,516,69,4,Furniture,Bookcases
205,B25668,123,17,3,Furniture,Furnishings
206,B25669,610,-66,2,Furniture,Tables
207,B25670,74,29,3,Clothing,Stole
208,B25670,24,1,2,Clothing,Hankerchief
209,B25670,14,2,1,Clothing,Hankerchief
210,B25670,656,-36,2,Furniture,Bookcases
211,B25671,832,0,3,Clothing,Trousers
212,B25672,27,-15,1,Clothing,Stole
213,B25673,143,-124,5,Clothing,Saree
214,B25673,44,-17,5,Clothing,Saree
215,B25673,45,-2,4,Clothing,Shirt
216,B25673,16,-1,1,Clothing,Saree
217,B25673,37,-5,3,Clothing,T-shirt
218,B25674,17,-12,5,Clothing,Skirt
219,B25675,929,-93,9,Clothing,Saree
220,B25676,342,-103,4,Electronics,Electronic Games
221,B25676,1263,-56,5,Clothing,Trousers
222,B25676,674,-187,2,Furniture,Tables
223,B25676,32,6,3,Clothing,Shirt
224,B25676,79,36,4,Clothing,Shirt
225,B25677,20,-2,1,Electronics,Accessories
226,B25678,64,-7,3,Clothing,Saree
227,B25678,7,-3,2,Clothing,Skirt
228,B25678,327,-39,1,Electronics,Phones
229,B25678,27,-25,2,Clothing,Shirt
230,B25679,76,-50,1,Clothing,Saree
231,B25680,73,-25,3,Clothing,Saree
232,B25681,68,-27,3,Electronics,Accessories
233,B25681,523,204,7,Clothing,Trousers
234,B25681,44,-3,1,Clothing,Saree
235,B25681,243,-14,2,Furniture,Chairs
236,B25681,1625,-77,3,Electronics,Phones
237,B25681,1096,-658,7,Electronics,Electronic Games
238,B25682,545,-73,11,Electronics,Phones
239,B25683,433,26,3,Electronics,Printers
240,B25683,245,-3,4,Electronics,Phones
241,B25683,155,56,3,Furniture,Furnishings
242,B25683,148,52,5,Clothing,Stole
243,B25683,86,-55,6,Clothing,Saree
244,B25684,134,42,2,Furniture,Chairs
245,B25685,51,7,2,Furniture,Furnishings
246,B25685,529,137,3,Electronics,Phones
247,B25685,264,-30,3,Furniture,Furnishings
248,B25685,45,-2,4,Clothing,Shirt
249,B25686,381,-13,2,Clothing,Saree
250,B25686,332,-503,3,Electronics,Printers
251,B25686,1829,-56,6,Furniture,Tables
252,B25687,17,6,1,Clothing,Stole
253,B25687,357,139,2,Clothing,Saree
254,B25687,51,21,3,Clothing,T-shirt
255,B25687,387,-213,5,Clothing,Saree
256,B25687,14,-1,4,Clothing,Kurti
257,B25688,352,-345,5,Clothing,Saree
258,B25689,469,-459,3,Electronics,Electronic Games
259,B25689,97,17,2,Clothing,Stole
260,B25689,149,36,3,Clothing,Stole
261,B25690,31,10,3,Clothing,Skirt
262,B25691,714,56,4,Clothing,Saree
263,B25691,75,-25,3,Clothing,Stole
264,B25691,17,-9,3,Clothing,Stole
265,B25692,141,28,7,Furniture,Furnishings
266,B25693,76,-72,9,Clothing,Hankerchief
267,B25693,632,-316,6,Clothing,Saree
268,B25693,32,-16,6,Clothing,Saree
269,B25693,68,-30,1,Electronics,Phones
270,B25693,82,-39,5,Clothing,T-shirt
271,B25693,72,-49,1,Electronics,Phones
272,B25693,13,-13,2,Clothing,Skirt
273,B25694,167,43,7,Clothing,T-shirt
274,B25695,171,14,9,Clothing,Shirt
275,B25696,117,-6,3,Electronics,Phones
276,B25696,116,-4,1,Clothing,Saree
277,B25696,887,80,3,Electronics,Printers
278,B25696,275,-275,4,Clothing,Saree
279,B25696,44,7,3,Clothing,Kurti
280,B25696,168,-9,3,Clothing,Saree
281,B25697,114,8,3,Electronics,Accessories
282,B25697,1300,-16,8,Electronics,Printers
283,B25697,4,-3,1,Clothing,Skirt
284,B25697,73,-7,1,Electronics,Phones
285,B25697,67,-42,3,Clothing,Stole
286,B25697,322,-193,5,Electronics,Printers
287,B25697,115,-39,3,Clothing,Trousers
288,B25698,87,-83,5,Clothing,Kurti
289,B25698,27,-6,4,Clothing,Hankerchief
290,B25698,207,-153,3,Clothing,Saree
291,B25698,516,-392,8,Furniture,Chairs
292,B25698,7,-2,1,Clothing,Hankerchief
293,B25698,65,-16,2,Electronics,Phones
294,B25699,20,-22,1,Furniture,Furnishings
295,B25699,49,-31,2,Clothing,Stole
296,B25699,34,-13,5,Clothing,Leggings
297,B25699,21,-5,1,Electronics,Accessories
298,B25700,129,-75,5,Clothing,Shirt
299,B25700,44,-32,3,Clothing,Stole
300,B25700,7,-3,2,Clothing,Hankerchief
301,B25701,10,-8,2,Clothing,Skirt
302,B25701,33,-29,3,Clothing,Shirt
303,B25701,98,-45,2,Furniture,Chairs
304,B25701,33,-12,5,Clothing,Hankerchief
305,B25702,75,0,3,Clothing,Shirt
306,B25702,424,-17,9,Furniture,Chairs
307,B25702,31,-3,4,Clothing,Saree
308,B25702,941,-203,3,Furniture,Tables
309,B25702,306,-147,3,Clothing,Saree
310,B25703,42,-23,2,Furniture,Furnishings
311,B25703,17,-3,2,Clothing,Stole
312,B25703,32,-5,5,Clothing,Hankerchief
313,B25703,231,-190,9,Clothing,Hankerchief
314,B25703,22,-15,4,Clothing,Kurti
315,B25703,97,-45,4,Clothing,Saree
316,B25703,47,-27,4,Clothing,Saree
317,B25703,186,-141,9,Clothing,Shirt
318,B25704,126,-63,3,Electronics,Accessories
319,B25704,102,0,3,Electronics,Phones
320,B25705,46,0,2,Electronics,Electronic Games
321,B25706,31,-11,4,Clothing,Stole
322,B25707,8,-6,1,Clothing,Stole
323,B25708,191,13,8,Furniture,Furnishings
324,B25708,709,-100,5,Electronics,Phones
325,B25708,81,-51,7,Clothing,Stole
326,B25708,32,-8,2,Clothing,Stole
327,B25709,33,-12,7,Clothing,Saree
328,B25709,41,-6,1,Furniture,Chairs
329,B25710,216,-38,6,Furniture,Furnishings
330,B25710,616,-69,7,Furniture,Furnishings
331,B25710,10,-1,1,Clothing,Leggings
332,B25710,25,0,4,Clothing,Skirt
333,B25710,53,-18,4,Clothing,T-shirt
334,B25710,13,-8,1,Clothing,T-shirt
335,B25711,100,-58,4,Clothing,Hankerchief
336,B25712,193,-275,3,Electronics,Phones
337,B25713,158,-63,4,Furniture,Chairs
338,B25714,11,-5,2,Clothing,Hankerchief
339,B25714,340,20,7,Clothing,Shirt
340,B25715,416,137,3,Electronics,Phones
341,B25716,58,0,4,Clothing,Saree
342,B25717,561,212,3,Clothing,Saree
343,B25717,138,-3,5,Clothing,Saree
344,B25717,90,17,3,Clothing,Shirt
345,B25717,55,-33,2,Furniture,Chairs
346,B25718,371,115,1,Furniture,Bookcases
347,B25718,460,31,3,Furniture,Bookcases
348,B25719,29,10,2,Clothing,Stole
349,B25720,30,-35,1,Furniture,Chairs
350,B25721,29,-18,7,Clothing,Skirt
351,B25721,191,51,5,Clothing,Shirt
352,B25721,149,-40,2,Electronics,Phones
353,B25722,48,-8,8,Clothing,Stole
354,B25723,26,-24,1,Clothing,Stole
355,B25723,16,-12,2,Clothing,Stole
356,B25723,12,-7,2,Clothing,Leggings
357,B25723,76,-54,3,Electronics,Electronic Games
358,B25724,168,-51,2,Furniture,Bookcases
359,B25725,23,-5,7,Clothing,Hankerchief
360,B25725,26,-5,2,Clothing,Stole
361,B25725,144,-7,4,Electronics,Electronic Games
362,B25726,490,-128,8,Furniture,Bookcases
363,B25727,57,-48,6,Clothing,Leggings
364,B25727,327,114,4,Clothing,Trousers
365,B25728,1055,264,4,Electronics,Printers
366,B25728,771,-424,2,Electronics,Phones
367,B25728,322,-113,4,Clothing,Saree
368,B25729,1549,-439,4,Electronics,Phones
369,B25730,1145,-706,3,Electronics,Phones
370,B25730,473,42,4,Furniture,Chairs
371,B25730,96,22,5,Clothing,Stole
372,B25730,18,8,2,Clothing,Hankerchief
373,B25730,187,30,4,Electronics,Accessories
374,B25730,83,-81,3,Furniture,Chairs
375,B25731,131,-154,8,Furniture,Furnishings
376,B25732,16,-5,2,Clothing,Stole
377,B25733,43,-43,7,Clothing,Stole
378,B25733,30,-10,2,Clothing,Stole
379,B25733,23,-6,4,Clothing,Hankerchief
380,B25734,108,-19,3,Electronics,Electronic Games
381,B25735,12,-2,3,Clothing,Hankerchief
382,B25735,7,-1,2,Clothing,Skirt
383,B25735,15,-7,1,Clothing,Hankerchief
384,B25736,31,-7,5,Clothing,Skirt
385,B25737,187,-15,3,Clothing,Trousers
386,B25738,70,-14,2,Furniture,Furnishings
387,B25738,72,-6,3,Clothing,Saree
388,B25738,1069,0,6,Clothing,Saree
389,B25738,148,-91,2,Electronics,Phones
390,B25739,133,-56,2,Furniture,Chairs
391,B25740,40,-37,3,Clothing,Stole
392,B25740,7,0,2,Clothing,Skirt
393,B25740,58,-8,2,Clothing,Saree
394,B25741,482,-6,7,Electronics,Electronic Games
395,B25742,11,-8,2,Clothing,Skirt
396,B25743,143,-124,5,Clothing,Saree
397,B25743,9,-5,1,Clothing,Saree
398,B25743,503,-56,2,Clothing,Trousers
399,B25743,74,-51,3,Clothing,Stole
400,B25743,56,0,4,Clothing,Hankerchief
401,B25744,373,-254,6,Electronics,Printers
402,B25745,44,-8,3,Clothing,Stole
403,B25745,296,-225,11,Clothing,Saree
404,B25745,670,15,5,Furniture,Bookcases
405,B25745,132,-79,5,Furniture,Furnishings
406,B25746,87,16,2,Clothing,Saree
407,B25747,877,395,2,Furniture,Bookcases
408,B25748,141,10,4,Clothing,Shirt
409,B25748,224,58,3,Electronics,Phones
410,B25748,8,-1,2,Clothing,Leggings
411,B25748,47,-21,2,Electronics,Electronic Games
412,B25749,1052,-82,3,Furniture,Bookcases
413,B25750,212,-24,2,Furniture,Chairs
414,B25750,42,-15,12,Clothing,Skirt
415,B25750,208,-25,2,Clothing,Saree
416,B25750,22,-12,3,Clothing,Stole
417,B25750,539,-146,7,Furniture,Furnishings
418,B25750,78,-6,2,Furniture,Furnishings
419,B25750,20,-18,2,Clothing,Saree
420,B25750,19,-1,1,Clothing,Shirt
421,B25750,73,-31,1,Furniture,Bookcases
422,B25751,10,-8,1,Clothing,Kurti
423,B25751,14,-3,2,Clothing,Leggings
424,B25751,68,-56,2,Electronics,Phones
425,B25751,106,0,2,Electronics,Phones
426,B25751,43,-5,2,Clothing,Saree
427,B25751,43,21,3,Clothing,Shirt
428,B25751,534,5,2,Electronics,Electronic Games
429,B25751,32,7,3,Clothing,Hankerchief
430,B25751,65,-4,6,Clothing,Hankerchief
431,B25751,221,-15,2,Electronics,Electronic Games
432,B25752,1361,197,9,Furniture,Bookcases
433,B25752,761,266,9,Electronics,Electronic Games
434,B25752,76,27,5,Clothing,Stole
435,B25752,91,15,6,Clothing,T-shirt
436,B25752,8,-2,2,Clothing,Hankerchief
437,B25752,735,-235,6,Electronics,Printers
438,B25752,33,-27,1,Furniture,Chairs
439,B25753,62,-56,5,Clothing,Kurti
440,B25753,27,-20,2,Clothing,Hankerchief
441,B25753,65,-52,3,Electronics,Accessories
442,B25753,47,-114,5,Furniture,Furnishings
443,B25753,341,-85,6,Clothing,Trousers
444,B25753,107,31,5,Clothing,T-shirt
445,B25753,154,22,7,Clothing,T-shirt
446,B25753,620,82,6,Electronics,Accessories
447,B25753,77,-43,8,Clothing,Stole
448,B25754,72,-46,7,Clothing,Kurti
449,B25754,41,-14,5,Clothing,Leggings
450,B25754,30,-23,2,Clothing,Saree
451,B25754,93,-65,4,Clothing,Stole
452,B25754,19,0,3,Clothing,Skirt
453,B25754,9,-1,3,Clothing,Skirt
454,B25754,319,-312,5,Clothing,Saree
455,B25754,262,-215,2,Electronics,Printers
456,B25755,37,-53,3,Clothing,Saree
457,B25755,257,-3,2,Furniture,Bookcases
458,B25755,80,-19,5,Clothing,Stole
459,B25755,321,-315,5,Clothing,Saree
460,B25755,47,-3,2,Clothing,Stole
461,B25755,593,213,4,Furniture,Bookcases
462,B25755,134,-34,2,Furniture,Chairs
463,B25755,1709,564,3,Clothing,Trousers
464,B25755,27,4,2,Clothing,Saree
465,B25756,465,-33,4,Electronics,Phones
466,B25756,643,-45,2,Electronics,Printers
467,B25756,204,-276,3,Furniture,Bookcases
468,B25756,729,-492,5,Furniture,Bookcases
469,B25756,29,-24,4,Clothing,Leggings
470,B25757,17,-13,4,Clothing,Skirt
471,B25757,34,-11,5,Clothing,T-shirt
472,B25757,98,9,2,Furniture,Furnishings
473,B25757,3151,-35,7,Clothing,Trousers
474,B25757,53,15,2,Clothing,Stole
475,B25757,165,30,3,Clothing,Stole
476,B25757,211,19,8,Clothing,Stole
477,B25757,106,15,7,Clothing,Hankerchief
478,B25757,14,5,1,Clothing,Hankerchief
479,B25757,17,7,3,Clothing,Hankerchief
480,B25757,46,14,5,Clothing,Skirt
481,B25758,8,-2,1,Clothing,Stole
482,B25759,20,-9,6,Clothing,Hankerchief
483,B25760,322,-193,5,Electronics,Printers
484,B25761,2188,1050,5,Furniture,Bookcases
485,B25761,328,-15,3,Electronics,Electronic Games
486,B25761,418,70,7,Electronics,Phones
487,B25761,40,0,3,Clothing,Saree
488,B25761,102,-90,1,Clothing,Saree
489,B25761,263,-31,9,Electronics,Electronic Games
490,B25762,1316,-527,7,Electronics,Electronic Games
491,B25762,27,4,3,Clothing,Skirt
492,B25762,98,-5,2,Clothing,Saree
493,B25763,58,-52,3,Furniture,Chairs
494,B25764,119,43,5,Clothing,T-shirt
495,B25764,765,-153,2,Electronics,Phones
496,B25764,26,0,2,Clothing,Kurti
497,B25764,24,-24,2,Clothing,Saree
498,B25765,139,14,3,Clothing,Stole
499,B25766,220,-19,2,Clothing,Saree
500,B25767,299,-28,3,Electronics,Electronic Games
501,B25767,9,-9,2,Clothing,Kurti
502,B25767,74,-59,2,Electronics,Accessories
503,B25767,29,-3,3,Clothing,Saree
504,B25767,48,-22,2,Clothing,Saree
505,B25768,1582,-443,6,Clothing,Trousers
506,B25769,355,-4,2,Clothing,Saree
507,B25770,375,180,3,Furniture,Bookcases
508,B25770,299,113,2,Furniture,Bookcases
509,B25770,287,-280,12,Furniture,Chairs
510,B25770,110,35,1,Furniture,Furnishings
511,B25771,148,59,3,Clothing,Hankerchief
512,B25772,1183,106,4,Electronics,Printers
513,B25773,248,-70,3,Furniture,Chairs
514,B25773,85,-9,4,Clothing,Saree
515,B25773,24,-14,2,Clothing,Saree
516,B25773,209,-21,2,Electronics,Electronic Games
517,B25773,224,-143,3,Furniture,Chairs
518,B25774,38,-6,2,Furniture,Furnishings
519,B25775,50,-17,2,Clothing,Stole
520,B25776,47,-20,2,Clothing,Kurti
521,B25777,61,-25,4,Electronics,Accessories
522,B25777,69,-67,4,Clothing,Kurti
523,B25777,59,-46,7,Clothing,T-shirt
524,B25777,117,17,6,Clothing,Kurti
525,B25777,1076,-38,4,Electronics,Printers
526,B25778,1506,-266,6,Electronics,Printers
527,B25778,109,-6,6,Clothing,Saree
528,B25778,933,166,5,Clothing,Saree
529,B25778,724,-447,4,Electronics,Electronic Games
530,B25779,1361,-980,3,Furniture,Tables
531,B25780,137,-41,3,Electronics,Phones
532,B25781,60,-49,8,Clothing,Hankerchief
533,B25781,30,-25,2,Clothing,T-shirt
534,B25781,767,-353,5,Clothing,Trousers
535,B25781,45,-28,2,Clothing,Stole
536,B25781,25,-1,4,Clothing,Kurti
537,B25781,584,-444,7,Electronics,Printers
538,B25782,335,-22,7,Furniture,Chairs
539,B25783,25,-11,1,Clothing,Stole
540,B25783,30,-6,2,Clothing,Hankerchief
541,B25783,33,-10,6,Clothing,Leggings
542,B25783,21,-17,3,Clothing,Shirt
543,B25783,26,2,2,Clothing,Hankerchief
544,B25784,15,4,1,Clothing,Hankerchief
545,B25785,595,292,3,Clothing,Saree
546,B25785,45,0,2,Clothing,T-shirt
547,B25785,192,-146,3,Clothing,Saree
548,B25785,26,-25,3,Clothing,Saree
549,B25786,1854,433,5,Furniture,Bookcases
550,B25786,623,-192,3,Furniture,Tables
551,B25786,44,-34,3,Clothing,Stole
552,B25786,17,-11,3,Clothing,Skirt
553,B25787,556,-209,7,Clothing,Saree
554,B25787,40,-12,3,Clothing,Shirt
555,B25787,229,-41,8,Electronics,Accessories
556,B25787,140,-58,4,Furniture,Furnishings
557,B25788,12,3,1,Clothing,Stole
558,B25789,30,0,1,Clothing,Kurti
559,B25789,313,-13,5,Furniture,Bookcases
560,B25789,67,-86,9,Furniture,Furnishings
561,B25790,42,-3,1,Electronics,Electronic Games
562,B25791,253,-63,2,Clothing,Saree
563,B25791,565,66,7,Clothing,Saree
564,B25791,175,77,3,Clothing,Saree
565,B25792,74,-25,3,Clothing,Stole
566,B25793,40,-33,5,Clothing,Hankerchief
567,B25793,63,-24,6,Clothing,Kurti
568,B25793,60,-12,4,Clothing,Hankerchief
569,B25793,257,-252,4,Clothing,Saree
570,B25793,24,-1,4,Clothing,Skirt
571,B25793,18,1,3,Clothing,Hankerchief
572,B25793,1402,109,11,Clothing,Saree
573,B25794,176,37,6,Electronics,Accessories
574,B25795,276,-21,2,Electronics,Phones
575,B25796,37,-6,1,Clothing,Saree
576,B25796,28,1,1,Electronics,Accessories
577,B25796,239,-162,5,Furniture,Chairs
578,B25796,78,-64,7,Clothing,Stole
579,B25796,632,-316,6,Clothing,Saree
580,B25796,559,-19,2,Clothing,Trousers
581,B25796,148,0,3,Clothing,Saree
582,B25797,976,293,4,Electronics,Accessories
583,B25797,148,-101,2,Furniture,Bookcases
584,B25797,413,-314,9,Furniture,Chairs
585,B25797,89,-4,5,Clothing,Saree
586,B25797,1630,-802,5,Furniture,Tables
587,B25797,31,1,2,Clothing,Hankerchief
588,B25798,379,63,2,Clothing,Saree
589,B25798,448,148,2,Electronics,Printers
590,B25798,2830,-1981,13,Furniture,Bookcases
591,B25798,47,-3,2,Clothing,Stole
592,B25798,38,-13,3,Clothing,Stole
593,B25798,61,-50,4,Clothing,Hankerchief
594,B25799,205,-119,3,Clothing,Saree
595,B25799,47,-27,4,Clothing,Saree
596,B25799,45,-15,2,Furniture,Chairs
597,B25799,70,-64,5,Clothing,Stole
598,B25800,122,-66,9,Electronics,Accessories
599,B25800,21,-6,3,Clothing,Leggings
600,B25800,45,12,7,Clothing,Hankerchief
601,B25801,64,6,4,Clothing,Saree
602,B25801,49,-31,2,Clothing,Stole
603,B25801,21,-10,4,Clothing,Leggings
604,B25801,15,-2,1,Clothing,T-shirt
605,B25802,27,-7,5,Clothing,Saree
606,B25802,633,-633,11,Electronics,Accessories
607,B25802,13,-9,2,Clothing,Skirt
608,B25802,23,-3,1,Clothing,Shirt
609,B25802,95,5,2,Clothing,Stole
610,B25803,106,12,3,Clothing,Trousers
611,B25803,269,91,1,Electronics,Electronic Games
612,B25803,536,91,1,Clothing,Trousers
613,B25803,137,5,5,Clothing,Shirt
614,B25803,757,371,2,Electronics,Printers
615,B25803,511,194,3,Furniture,Chairs
616,B25803,185,48,4,Clothing,Stole
617,B25803,765,8,6,Clothing,Saree
618,B25804,156,36,5,Clothing,T-shirt
619,B25804,321,26,3,Electronics,Printers
620,B25805,112,15,2,Furniture,Chairs
621,B25806,632,-114,4,Furniture,Tables
622,B25807,16,6,1,Clothing,Stole
623,B25808,63,17,6,Clothing,Leggings
624,B25808,146,-63,3,Electronics,Electronic Games
625,B25808,59,21,2,Clothing,Stole
626,B25808,210,50,4,Clothing,Hankerchief
627,B25809,154,54,3,Clothing,Hankerchief
628,B25809,53,24,1,Clothing,Hankerchief
629,B25810,26,10,4,Clothing,Hankerchief
630,B25810,1120,199,6,Clothing,Saree
631,B25810,45,6,3,Clothing,Shirt
632,B25810,307,74,3,Electronics,Accessories
633,B25810,92,42,2,Clothing,Stole
634,B25810,29,8,5,Clothing,Hankerchief
635,B25811,126,52,4,Clothing,Hankerchief
636,B25812,259,47,5,Clothing,Hankerchief
637,B25813,911,202,7,Furniture,Chairs
638,B25814,118,35,7,Clothing,T-shirt
639,B25814,462,169,4,Clothing,Saree
640,B25815,35,14,2,Clothing,Stole
641,B25816,391,113,8,Clothing,Stole
642,B25817,743,89,5,Electronics,Printers
643,B25818,75,28,9,Clothing,Hankerchief
644,B25818,36,0,4,Clothing,Kurti
645,B25818,32,11,2,Clothing,Leggings
646,B25818,94,20,2,Furniture,Furnishings
647,B25818,28,14,4,Clothing,Hankerchief
648,B25819,417,49,3,Electronics,Electronic Games
649,B25820,119,1,1,Furniture,Chairs
650,B25821,60,21,4,Clothing,Stole
651,B25821,17,0,1,Clothing,Hankerchief
652,B25821,125,0,3,Electronics,Accessories
653,B25822,34,13,2,Clothing,Saree
654,B25823,2103,322,8,Electronics,Electronic Games
655,B25823,104,2,2,Furniture,Furnishings
656,B25823,59,6,1,Electronics,Accessories
657,B25823,103,50,2,Furniture,Furnishings
658,B25824,101,38,2,Furniture,Furnishings
659,B25825,911,355,5,Electronics,Phones
660,B25825,115,25,6,Clothing,Stole
661,B25825,140,6,5,Clothing,Saree
662,B25826,637,261,2,Electronics,Printers
663,B25827,156,21,3,Furniture,Chairs
664,B25828,537,107,3,Clothing,Saree
665,B25828,15,2,1,Clothing,Leggings
666,B25828,128,-3,3,Clothing,Saree
667,B25828,222,35,5,Clothing,Saree
668,B25829,345,38,7,Clothing,Hankerchief
669,B25830,41,11,6,Clothing,Hankerchief
670,B25830,54,1,2,Clothing,Saree
671,B25830,71,0,8,Clothing,Skirt
672,B25830,93,15,2,Electronics,Accessories
673,B25830,1063,64,7,Electronics,Phones
674,B25830,1954,782,3,Electronics,Phones
675,B25831,693,254,6,Clothing,Saree
676,B25832,504,116,3,Furniture,Bookcases
677,B25833,64,27,5,Clothing,Hankerchief
678,B25833,36,4,9,Clothing,Hankerchief
679,B25833,45,16,3,Clothing,Stole
680,B25834,16,5,1,Clothing,Stole
681,B25835,52,11,5,Clothing,Leggings
682,B25835,27,2,2,Clothing,Leggings
683,B25835,155,26,3,Clothing,Stole
684,B25836,1298,65,9,Electronics,Printers
685,B25837,263,50,5,Clothing,Stole
686,B25838,70,26,5,Clothing,Hankerchief
687,B25838,81,19,7,Clothing,Hankerchief
688,B25838,955,305,3,Electronics,Printers
689,B25838,161,40,3,Clothing,Stole
690,B25839,1250,486,7,Clothing,Saree
691,B25840,246,61,2,Furniture,Bookcases
692,B25840,298,74,2,Furniture,Bookcases
693,B25840,262,64,6,Clothing,Saree
694,B25841,22,11,2,Clothing,Skirt
695,B25842,1543,370,8,Electronics,Printers
696,B25843,50,7,6,Clothing,Skirt
697,B25843,214,30,3,Electronics,Accessories
698,B25843,255,74,5,Clothing,Hankerchief
699,B25843,18,6,3,Clothing,Hankerchief
700,B25843,45,0,2,Clothing,Stole
701,B25844,86,8,2,Clothing,Saree
702,B25845,274,-7,4,Electronics,Phones
703,B25845,82,33,4,Clothing,Kurti
704,B25845,757,371,2,Electronics,Printers
705,B25845,132,54,5,Clothing,Stole
706,B25846,94,7,7,Clothing,Leggings
707,B25847,643,225,2,Electronics,Printers
708,B25847,264,71,10,Furniture,Furnishings
709,B25848,147,21,3,Furniture,Furnishings
710,B25848,16,8,2,Clothing,Hankerchief
711,B25848,648,50,6,Electronics,Electronic Games
712,B25849,336,123,3,Electronics,Phones
713,B25850,45,1,3,Clothing,T-shirt
714,B25850,93,-1,2,Clothing,Hankerchief
715,B25850,52,18,5,Clothing,Leggings
716,B25850,148,24,3,Clothing,Stole
717,B25850,24,1,4,Clothing,Hankerchief
718,B25850,513,215,2,Electronics,Accessories
719,B25850,117,36,2,Clothing,Trousers
720,B25850,916,192,11,Electronics,Phones
721,B25850,485,199,4,Clothing,Saree
722,B25851,10,2,2,Clothing,Hankerchief
723,B25851,300,42,2,Electronics,Printers
724,B25851,57,27,2,Clothing,T-shirt
725,B25851,103,46,2,Clothing,Saree
726,B25851,336,71,3,Furniture,Bookcases
727,B25851,53,24,6,Clothing,Hankerchief
728,B25851,90,29,5,Clothing,T-shirt
729,B25851,62,1,3,Clothing,Saree
730,B25851,135,54,5,Clothing,Kurti
731,B25851,237,47,9,Clothing,T-shirt
732,B25852,320,144,1,Electronics,Printers
733,B25852,24,1,2,Clothing,Hankerchief
734,B25852,45,12,4,Clothing,Hankerchief
735,B25852,97,17,2,Clothing,Stole
736,B25852,50,16,1,Clothing,Stole
737,B25852,869,67,4,Furniture,Tables
738,B25852,105,33,5,Clothing,Kurti
739,B25853,39,16,6,Clothing,Skirt
740,B25853,30,14,3,Clothing,Hankerchief
741,B25853,26,11,2,Clothing,Hankerchief
742,B25853,19,6,2,Clothing,Saree
743,B25853,579,139,3,Electronics,Printers
744,B25853,2093,721,5,Furniture,Chairs
745,B25853,95,11,4,Furniture,Furnishings
746,B25853,128,4,3,Clothing,Saree
747,B25853,199,48,4,Clothing,Stole
748,B25854,149,48,6,Clothing,Stole
749,B25854,436,131,9,Clothing,Hankerchief
750,B25854,76,19,3,Clothing,Hankerchief
751,B25854,88,16,4,Clothing,Stole
752,B25854,342,154,7,Furniture,Furnishings
753,B25854,40,16,3,Clothing,Hankerchief
754,B25854,53,-2,3,Clothing,Saree
755,B25854,381,144,2,Clothing,Saree
756,B25855,829,19,4,Electronics,Printers
757,B25855,442,31,2,Electronics,Electronic Games
758,B25855,90,17,3,Clothing,Hankerchief
759,B25855,98,12,2,Clothing,Hankerchief
760,B25855,61,30,2,Clothing,Hankerchief
761,B25855,1027,441,8,Clothing,Saree
762,B25855,1319,567,5,Electronics,Printers
763,B25855,197,73,1,Furniture,Bookcases
764,B25855,550,242,5,Furniture,Furnishings
765,B25856,74,29,3,Clothing,Stole
766,B25856,10,2,2,Clothing,Skirt
767,B25856,689,90,5,Clothing,Saree
768,B25856,257,3,2,Clothing,Saree
769,B25856,48,6,1,Clothing,Saree
770,B25857,324,39,8,Electronics,Accessories
771,B25857,598,166,4,Furniture,Bookcases
772,B25857,227,59,2,Furniture,Furnishings
773,B25858,22,8,3,Clothing,Hankerchief
774,B25858,29,11,4,Clothing,Skirt
775,B25858,27,5,2,Clothing,Skirt
776,B25858,82,13,2,Clothing,Shirt
777,B25858,294,109,7,Electronics,Accessories
778,B25858,16,0,1,Clothing,Saree
779,B25858,245,30,2,Clothing,Saree
780,B25858,223,27,2,Furniture,Bookcases
781,B25858,2457,665,11,Electronics,Electronic Games
782,B25859,724,253,2,Furniture,Bookcases
783,B25860,112,24,3,Clothing,Kurti
784,B25861,128,4,3,Clothing,Saree
785,B25861,50,3,2,Clothing,Stole
786,B25861,62,6,5,Clothing,Hankerchief
787,B25861,44,14,3,Clothing,Hankerchief
788,B25861,56,18,2,Clothing,Hankerchief
789,B25861,216,-83,3,Electronics,Electronic Games
790,B25862,2061,701,5,Furniture,Bookcases
791,B25862,121,41,4,Clothing,Stole
792,B25862,80,3,3,Clothing,Stole
793,B25863,189,87,7,Clothing,Stole
794,B25864,100,6,4,Clothing,Stole
795,B25864,17,5,1,Clothing,Hankerchief
796,B25864,22,8,2,Clothing,Leggings
797,B25864,27,9,2,Clothing,Hankerchief
798,B25865,85,-1,3,Clothing,Saree
799,B25866,51,14,2,Clothing,Stole
800,B25867,31,14,3,Clothing,Stole
801,B25867,240,12,6,Clothing,Kurti
802,B25867,163,26,4,Clothing,Shirt
803,B25868,170,73,2,Electronics,Accessories
804,B25868,62,-1,1,Electronics,Phones
805,B25868,1118,206,2,Furniture,Tables
806,B25869,86,9,3,Clothing,Saree
807,B25870,10,4,1,Clothing,Kurti
808,B25870,845,84,7,Clothing,Saree
809,B25870,57,7,3,Furniture,Furnishings
810,B25870,473,113,9,Clothing,Hankerchief
811,B25871,118,25,4,Clothing,Hankerchief
812,B25872,57,27,2,Clothing,Shirt
813,B25873,66,12,3,Clothing,Stole
814,B25873,367,73,3,Electronics,Electronic Games
815,B25873,7,1,1,Clothing,Hankerchief
816,B25873,1275,357,2,Electronics,Phones
817,B25873,42,12,2,Clothing,Kurti
818,B25874,124,54,5,Clothing,T-shirt
819,B25875,248,8,2,Clothing,Saree
820,B25876,282,14,4,Clothing,Trousers
821,B25877,1137,568,2,Clothing,Trousers
822,B25877,269,33,5,Furniture,Chairs
823,B25877,24,8,2,Clothing,Skirt
824,B25878,165,46,3,Furniture,Furnishings
825,B25878,46,0,4,Clothing,Leggings
826,B25878,84,41,3,Clothing,T-shirt
827,B25878,140,15,5,Clothing,Stole
828,B25878,741,267,5,Furniture,Bookcases
829,B25878,719,303,6,Furniture,Chairs
830,B25879,57,28,2,Clothing,Kurti
831,B25880,108,37,2,Clothing,Stole
832,B25881,37,3,3,Clothing,Hankerchief
833,B25881,26,9,2,Clothing,Leggings
834,B25881,1351,111,6,Electronics,Electronic Games
835,B25881,2244,247,4,Clothing,Trousers
836,B25881,36,7,3,Clothing,Leggings
837,B25881,2115,23,5,Furniture,Chairs
838,B25882,121,19,4,Clothing,Stole
839,B25883,146,42,5,Clothing,Hankerchief
840,B25883,105,26,8,Clothing,Leggings
841,B25883,127,29,3,Furniture,Furnishings
842,B25883,16,-15,4,Clothing,Hankerchief
843,B25883,10,-2,2,Clothing,Leggings
844,B25884,24,2,4,Clothing,Hankerchief
845,B25885,94,27,2,Clothing,Shirt
846,B25885,394,146,2,Furniture,Bookcases
847,B25885,734,248,2,Furniture,Chairs
848,B25885,349,0,7,Clothing,Stole
849,B25886,89,17,2,Clothing,Stole
850,B25886,502,84,4,Electronics,Phones
851,B25886,63,1,4,Clothing,T-shirt
852,B25886,107,37,3,Clothing,Shirt
853,B25887,83,6,6,Clothing,Shirt
854,B25887,2125,234,6,Electronics,Printers
855,B25888,18,2,3,Clothing,Hankerchief
856,B25888,223,4,3,Electronics,Phones
857,B25888,646,213,3,Electronics,Electronic Games
858,B25889,31,10,1,Clothing,Kurti
859,B25889,119,43,7,Clothing,Kurti
860,B25889,114,11,4,Clothing,T-shirt
861,B25890,465,207,9,Clothing,Saree
862,B25891,25,2,2,Clothing,Hankerchief
863,B25891,97,36,7,Clothing,Hankerchief
864,B25891,121,41,4,Clothing,Stole
865,B25892,139,30,3,Clothing,Shirt
866,B25893,355,114,7,Clothing,Stole
867,B25893,61,11,3,Clothing,Kurti
868,B25893,149,15,3,Clothing,Saree
869,B25893,688,103,6,Electronics,Accessories
870,B25893,372,59,3,Electronics,Printers
871,B25893,223,62,7,Clothing,Shirt
872,B25893,83,12,3,Clothing,Stole
873,B25894,1246,62,3,Furniture,Bookcases
874,B25895,388,93,2,Furniture,Bookcases
875,B25896,31,11,3,Clothing,Skirt
876,B25896,42,7,2,Clothing,Kurti
877,B25896,190,68,8,Clothing,T-shirt
878,B25896,103,36,2,Clothing,Hankerchief
879,B25896,287,66,6,Clothing,Kurti
880,B25896,23,4,2,Clothing,Skirt
881,B25896,79,-2,2,Furniture,Furnishings
882,B25897,43,5,3,Clothing,Stole
883,B25897,33,10,3,Clothing,Hankerchief
884,B25897,24,11,5,Clothing,Hankerchief
885,B25897,734,213,6,Electronics,Electronic Games
886,B25898,33,13,3,Clothing,Leggings
887,B25898,499,33,4,Clothing,Saree
888,B25898,147,73,3,Clothing,Stole
889,B25898,53,5,3,Clothing,T-shirt
890,B25898,171,2,2,Electronics,Electronic Games
891,B25898,915,-99,3,Furniture,Tables
892,B25898,191,93,4,Clothing,Shirt
893,B25898,857,274,2,Furniture,Tables
894,B25899,22,9,2,Clothing,Leggings
895,B25899,28,6,4,Clothing,Skirt
896,B25899,43,17,1,Clothing,Saree
897,B25899,846,9,2,Furniture,Chairs
898,B25900,15,2,1,Clothing,Leggings
899,B25900,140,68,5,Clothing,T-shirt
900,B25900,210,62,2,Electronics,Phones
901,B25901,158,38,3,Clothing,Hankerchief
902,B25901,90,27,2,Clothing,T-shirt
903,B25901,159,2,3,Furniture,Furnishings
904,B25901,61,28,2,Clothing,Hankerchief
905,B25902,79,6,7,Clothing,Saree
906,B25902,268,6,2,Furniture,Bookcases
907,B25902,802,120,7,Electronics,Accessories
908,B25902,1700,85,3,Clothing,Trousers
909,B25902,154,26,4,Electronics,Accessories
910,B25903,455,77,8,Electronics,Accessories
911,B25903,19,8,2,Clothing,Hankerchief
912,B25903,25,11,3,Clothing,Leggings
913,B25903,37,17,3,Clothing,Hankerchief
914,B25903,60,-10,2,Furniture,Furnishings
915,B25903,204,94,4,Clothing,Hankerchief
916,B25903,74,33,2,Clothing,Shirt
917,B25903,336,57,2,Electronics,Phones
918,B25904,871,131,2,Furniture,Bookcases
919,B25904,83,12,2,Furniture,Chairs
920,B25905,152,50,6,Clothing,Stole
921,B25906,78,27,3,Clothing,Stole
922,B25907,30,11,5,Clothing,Hankerchief
923,B25908,179,25,5,Clothing,Kurti
924,B25909,168,56,3,Clothing,Saree
925,B25909,108,22,3,Electronics,Accessories
926,B25909,1622,248,3,Electronics,Phones
927,B25909,323,122,5,Electronics,Phones
928,B25909,12,2,2,Clothing,Skirt
929,B25910,125,15,5,Clothing,Shirt
930,B25910,685,7,7,Clothing,Trousers
931,B25910,850,289,5,Electronics,Electronic Games
932,B25910,1622,-624,5,Furniture,Tables
933,B25910,259,47,5,Clothing,Hankerchief
934,B25910,33,1,2,Clothing,Shirt
935,B25911,40,15,1,Clothing,Kurti
936,B25912,102,11,6,Clothing,T-shirt
937,B25913,103,21,7,Clothing,Stole
938,B25914,460,143,3,Furniture,Chairs
939,B25914,125,22,3,Clothing,Stole
940,B25915,277,3,1,Electronics,Electronic Games
941,B25916,80,26,9,Clothing,Skirt
942,B25917,100,12,2,Clothing,T-shirt
943,B25918,244,122,5,Furniture,Furnishings
944,B25919,28,4,1,Clothing,T-shirt
945,B25919,110,12,7,Clothing,Stole
946,B25919,636,204,2,Electronics,Printers
947,B25919,1599,37,6,Electronics,Electronic Games
948,B25919,977,244,7,Electronics,Phones
949,B25920,100,7,2,Clothing,T-shirt
950,B25921,170,19,5,Clothing,T-shirt
951,B25921,84,-42,2,Electronics,Accessories
952,B25921,71,-44,5,Electronics,Accessories
953,B25922,52,18,2,Clothing,Stole
954,B25923,226,58,3,Electronics,Accessories
955,B25923,484,28,3,Electronics,Printers
956,B25923,253,-11,1,Clothing,Trousers
957,B25923,3873,891,6,Electronics,Phones
958,B25924,148,54,2,Furniture,Chairs
959,B25925,27,12,1,Clothing,Stole
960,B25925,314,-41,3,Electronics,Electronic Games
961,B25925,1228,14,3,Furniture,Chairs
962,B25926,57,6,5,Clothing,Leggings
963,B25927,200,7,4,Electronics,Electronic Games
964,B25928,25,10,1,Furniture,Furnishings
965,B25928,122,15,3,Electronics,Accessories
966,B25929,1308,536,3,Furniture,Bookcases
967,B25929,216,-135,3,Furniture,Chairs
968,B25929,154,-85,3,Furniture,Chairs
969,B25930,40,13,3,Clothing,T-shirt
970,B25930,351,-94,5,Electronics,Electronic Games
971,B25930,595,119,4,Furniture,Bookcases
972,B25930,151,29,5,Clothing,Hankerchief
973,B25930,58,17,2,Clothing,Hankerchief
974,B25930,202,89,9,Clothing,T-shirt
975,B25931,73,-36,3,Furniture,Chairs
976,B25932,71,-14,4,Furniture,Furnishings
977,B25933,81,-44,3,Clothing,Stole
978,B25933,412,-412,6,Clothing,Saree
979,B25933,207,-100,2,Clothing,Saree
980,B25934,105,33,6,Clothing,Saree
981,B25935,162,20,3,Furniture,Chairs
982,B25935,150,32,3,Clothing,Hankerchief
983,B25935,1657,460,4,Furniture,Chairs
984,B25936,61,25,4,Clothing,Saree
985,B25937,1101,352,3,Furniture,Bookcases
986,B25938,61,1,2,Furniture,Furnishings
987,B25938,59,25,3,Clothing,Stole
988,B25939,61,18,2,Electronics,Accessories
989,B25939,136,41,3,Electronics,Accessories
990,B25939,469,33,4,Electronics,Electronic Games
991,B25940,55,4,2,Clothing,Stole
992,B25940,13,3,2,Clothing,Hankerchief
993,B25940,46,0,4,Clothing,Leggings
994,B25941,177,41,4,Clothing,Shirt
995,B25942,646,-23,2,Electronics,Printers
996,B25943,48,20,4,Clothing,Stole
997,B25943,26,7,4,Clothing,Hankerchief
998,B25943,149,15,3,Clothing,Saree
999,B25943,1547,340,6,Electronics,Accessories
1000,B25943,137,38,5,Clothing,Hankerchief
1001,B25944,169,38,3,Clothing,Saree
1002,B25945,245,10,2,Furniture,Bookcases
1003,B25945,60,3,3,Clothing,Saree
1004,B25945,63,14,2,Clothing,Shirt
1005,B25945,765,-36,3,Electronics,Electronic Games
1006,B25946,146,7,2,Electronics,Phones
1007,B25947,290,35,6,Clothing,Hankerchief
1008,B25947,207,33,2,Electronics,Accessories
1009,B25948,152,23,3,Furniture,Furnishings
1010,B25949,24,11,3,Clothing,Hankerchief
1011,B25949,140,57,2,Clothing,Trousers
1012,B25949,151,9,3,Clothing,Hankerchief
1013,B25950,13,4,1,Clothing,Leggings
1014,B25950,54,27,2,Clothing,Stole
1015,B25950,644,167,2,Electronics,Printers
1016,B25950,261,13,6,Clothing,Shirt
1017,B25950,1622,95,5,Electronics,Printers
1018,B25950,190,19,9,Furniture,Furnishings
1019,B25950,158,-29,10,Clothing,Hankerchief
1020,B25950,136,-33,5,Clothing,Saree
1021,B25950,133,5,5,Clothing,Stole
1022,B25951,102,13,2,Clothing,Stole
1023,B25951,50,14,1,Electronics,Electronic Games
1024,B25951,111,11,9,Clothing,Hankerchief
1025,B25951,120,23,5,Clothing,Stole
1026,B25951,40,18,1,Electronics,Accessories
1027,B25951,250,100,3,Clothing,Trousers
1028,B25951,89,29,2,Clothing,Stole
1029,B25951,30,5,2,Clothing,Kurti
1030,B25951,248,105,2,Electronics,Phones
1031,B25951,742,198,2,Furniture,Bookcases
1032,B25952,14,0,4,Clothing,Hankerchief
1033,B25952,87,32,9,Clothing,Skirt
1034,B25952,935,114,4,Electronics,Electronic Games
1035,B25952,173,69,3,Furniture,Chairs
1036,B25952,352,18,5,Clothing,Trousers
1037,B25952,147,48,3,Clothing,Saree
1038,B25952,44,14,3,Clothing,Hankerchief
1039,B25953,22,-8,4,Clothing,Hankerchief
1040,B25953,188,-193,2,Electronics,Electronic Games
1041,B25953,81,41,3,Clothing,Stole
1042,B25953,44,2,3,Clothing,Hankerchief
1043,B25953,116,22,1,Electronics,Accessories
1044,B25953,67,20,4,Clothing,T-shirt
1045,B25953,744,119,6,Electronics,Printers
1046,B25953,1218,352,9,Furniture,Bookcases
1047,B25953,87,36,5,Clothing,Stole
1048,B25954,891,0,5,Clothing,Saree
1049,B25954,146,66,1,Electronics,Phones
1050,B25954,44,10,3,Clothing,Stole
1051,B25954,27,0,2,Clothing,Leggings
1052,B25954,48,11,2,Clothing,Shirt
1053,B25954,189,60,4,Furniture,Furnishings
1054,B25954,524,-25,2,Electronics,Electronic Games
1055,B25954,148,9,1,Electronics,Electronic Games
1056,B25955,1716,309,7,Electronics,Accessories
1057,B25955,45,8,4,Clothing,Skirt
1058,B25955,39,2,2,Clothing,Saree
1059,B25955,110,20,5,Clothing,Stole
1060,B25955,54,14,3,Clothing,T-shirt
1061,B25955,954,95,3,Electronics,Printers
1062,B25955,2927,146,8,Furniture,Bookcases
1063,B25955,294,62,9,Clothing,T-shirt
1064,B25955,200,13,5,Electronics,Phones
1065,B25956,89,-37,4,Clothing,Shirt
1066,B25956,59,10,2,Clothing,Hankerchief
1067,B25956,33,10,3,Clothing,Hankerchief
1068,B25956,474,56,4,Electronics,Phones
1069,B25956,140,28,2,Electronics,Phones
1070,B25957,147,73,3,Clothing,Stole
1071,B25957,16,2,1,Clothing,Saree
1072,B25957,1157,-13,9,Furniture,Bookcases
1073,B25958,105,25,2,Clothing,Hankerchief
1074,B25958,360,32,3,Clothing,Saree
1075,B25959,252,56,2,Electronics,Phones
1076,B25959,681,259,4,Furniture,Chairs
1077,B25959,32,2,2,Clothing,Kurti
1078,B25959,132,49,3,Clothing,Shirt
1079,B25959,637,212,8,Electronics,Phones
1080,B25959,429,17,3,Furniture,Chairs
1081,B25959,82,24,6,Clothing,Hankerchief
1082,B25959,23,8,2,Clothing,Hankerchief
1083,B25960,171,-140,2,Furniture,Bookcases
1084,B25961,34,-12,5,Clothing,Leggings
1085,B25961,366,84,3,Furniture,Bookcases
1086,B25961,26,3,3,Clothing,Skirt
1087,B25961,446,53,3,Electronics,Printers
1088,B25961,48,16,3,Clothing,Shirt
1089,B25961,34,10,3,Clothing,Skirt
1090,B25962,260,68,2,Electronics,Printers
1091,B25962,312,62,1,Electronics,Electronic Games
1092,B25962,544,-152,3,Furniture,Bookcases
1093,B25963,53,8,3,Furniture,Furnishings
1094,B25964,199,0,4,Clothing,Stole
1095,B25964,89,6,5,Clothing,Saree
1096,B25964,1270,546,11,Electronics,Electronic Games
1097,B25964,346,108,3,Furniture,Chairs
1098,B25965,17,7,3,Clothing,Hankerchief
1099,B25966,510,234,6,Electronics,Electronic Games
1100,B25967,17,2,2,Clothing,Skirt
1101,B25967,119,-24,4,Furniture,Furnishings
1102,B25967,229,59,9,Clothing,Saree
1103,B25968,811,154,7,Electronics,Accessories
1104,B25969,720,43,2,Electronics,Printers
1105,B25969,2452,191,7,Furniture,Bookcases
1106,B25969,171,17,6,Clothing,T-shirt
1107,B25970,203,84,2,Electronics,Printers
1108,B25970,742,198,2,Furniture,Bookcases
1109,B25970,111,9,4,Clothing,Stole
1110,B25970,365,107,3,Electronics,Phones
1111,B25971,244,83,2,Furniture,Bookcases
1112,B25972,115,47,2,Electronics,Accessories
1113,B25973,571,108,12,Clothing,Stole
1114,B25973,398,111,8,Clothing,Hankerchief
1115,B25973,79,39,2,Clothing,Shirt
1116,B25973,39,14,5,Clothing,Leggings
1117,B25973,4141,1698,13,Electronics,Printers
1118,B25974,662,240,2,Furniture,Bookcases
1119,B25975,29,2,3,Clothing,Skirt
1120,B25976,193,8,4,Clothing,T-shirt
1121,B25977,27,1,1,Clothing,Stole
1122,B25977,74,29,3,Clothing,Stole
1123,B25977,180,54,4,Clothing,T-shirt
1124,B25978,1063,-175,4,Electronics,Electronic Games
1125,B25978,341,160,7,Clothing,Stole
1126,B25979,560,44,3,Clothing,Saree
1127,B25979,57,27,2,Clothing,Shirt
1128,B25979,284,45,2,Furniture,Bookcases
1129,B25979,12,1,2,Clothing,Hankerchief
1130,B25979,82,27,3,Clothing,Kurti
1131,B25980,22,11,3,Clothing,Kurti
1132,B25981,42,13,3,Clothing,Leggings
1133,B25981,54,12,3,Clothing,Saree
1134,B25981,62,8,2,Clothing,T-shirt
1135,B25981,245,91,2,Furniture,Bookcases
1136,B25981,867,251,5,Electronics,Phones
1137,B25981,48,2,3,Clothing,Stole
1138,B25982,13,3,1,Clothing,Leggings
1139,B25983,230,5,2,Clothing,Saree
1140,B25983,32,-12,1,Furniture,Chairs
1141,B25983,161,-229,8,Furniture,Furnishings
1142,B25983,50,-4,6,Clothing,T-shirt
1143,B25983,561,118,5,Furniture,Bookcases
1144,B25984,304,97,6,Clothing,Stole
1145,B25985,197,20,4,Clothing,Kurti
1146,B25985,108,26,4,Clothing,Shirt
1147,B25985,32,8,5,Clothing,Hankerchief
1148,B25985,44,11,4,Clothing,Stole
1149,B25986,749,307,7,Furniture,Furnishings
1150,B25986,71,4,5,Clothing,Leggings
1151,B25986,487,-23,3,Electronics,Printers
1152,B25986,918,22,9,Electronics,Electronic Games
1153,B25987,299,0,6,Clothing,Stole
1154,B25987,88,11,7,Clothing,Hankerchief
1155,B25988,79,24,9,Clothing,Skirt
1156,B25989,44,14,3,Clothing,Hankerchief
1157,B25989,10,5,1,Clothing,Stole
1158,B25989,42,15,1,Electronics,Accessories
1159,B25989,330,81,1,Furniture,Bookcases
1160,B25989,338,41,7,Clothing,Hankerchief
1161,B25990,71,32,3,Clothing,Saree
1162,B25991,188,13,7,Clothing,Shirt
1163,B25991,90,30,2,Furniture,Chairs
1164,B25991,13,5,2,Clothing,Hankerchief
1165,B25992,141,41,3,Clothing,Shirt
1166,B25993,44,8,2,Clothing,Stole
1167,B25993,610,208,3,Electronics,Printers
1168,B25993,4363,305,5,Furniture,Tables
1169,B25993,414,199,3,Electronics,Phones
1170,B25993,221,26,7,Furniture,Furnishings
1171,B25993,201,32,4,Furniture,Furnishings
1172,B25993,173,86,1,Electronics,Printers
1173,B25994,196,-7,5,Electronics,Phones
1174,B25995,1314,342,3,Furniture,Bookcases
1175,B25996,62,6,6,Clothing,Skirt
1176,B25996,31,2,2,Clothing,Hankerchief
1177,B25996,217,72,2,Furniture,Furnishings
1178,B25996,286,140,6,Clothing,Shirt
1179,B25996,333,50,2,Electronics,Phones
1180,B25996,47,1,2,Clothing,Stole
1181,B25996,18,4,1,Clothing,Saree
1182,B25997,16,6,3,Clothing,Hankerchief
1183,B25997,231,99,2,Electronics,Electronic Games
1184,B25997,2292,127,7,Furniture,Bookcases
1185,B25997,48,15,1,Clothing,Hankerchief
1186,B25998,50,-28,5,Furniture,Furnishings
1187,B25999,26,-17,1,Clothing,Stole
1188,B25999,93,-65,4,Clothing,Stole
1189,B25999,152,-3,5,Clothing,Saree
1190,B25999,51,-49,2,Electronics,Electronic Games
1191,B25999,352,74,8,Clothing,Stole
1192,B25999,129,11,2,Electronics,Phones
1193,B25999,223,62,7,Clothing,Shirt
1194,B25999,770,323,3,Electronics,Accessories
1195,B25999,222,74,5,Clothing,Hankerchief
1196,B25999,215,-30,2,Clothing,Saree
1197,B25999,109,40,1,Furniture,Furnishings
1198,B26000,43,9,4,Clothing,Skirt
1199,B26000,676,151,3,Electronics,Printers
1200,B26000,597,93,4,Furniture,Chairs
1201,B26001,13,0,2,Clothing,Hankerchief
1202,B26001,149,17,4,Furniture,Furnishings
1203,B26001,8,2,2,Clothing,Skirt
1204,B26001,50,9,6,Clothing,Skirt
1205,B26002,80,22,3,Clothing,Stole
1206,B26002,276,52,5,Clothing,Saree
1207,B26002,71,19,3,Clothing,T-shirt
1208,B26002,141,7,7,Clothing,Saree
1209,B26002,113,28,2,Clothing,Saree
1210,B26003,315,-8,3,Furniture,Chairs
1211,B26003,128,47,4,Clothing,Hankerchief
1212,B26003,652,13,6,Furniture,Furnishings
1213,B26003,114,41,6,Furniture,Furnishings
1214,B26003,79,16,3,Clothing,T-shirt
1215,B26003,498,-116,4,Clothing,Saree
1216,B26003,1745,122,2,Furniture,Tables
1217,B26003,17,2,2,Clothing,Skirt
1218,B26004,147,44,3,Clothing,Saree
1219,B26004,162,73,2,Electronics,Electronic Games
1220,B26005,87,10,3,Clothing,Stole
1221,B26006,1301,573,5,Electronics,Accessories
1222,B26007,311,72,2,Furniture,Bookcases
1223,B26008,22,4,1,Clothing,Stole
1224,B26008,206,51,4,Clothing,Hankerchief
1225,B26008,57,24,5,Clothing,Leggings
1226,B26008,10,-1,1,Clothing,Saree
1227,B26009,285,128,2,Electronics,Printers
1228,B26009,195,12,9,Clothing,Shirt
1229,B26010,527,26,3,Electronics,Electronic Games
1230,B26010,29,3,2,Clothing,Stole
1231,B26010,85,13,2,Clothing,Shirt
1232,B26010,18,2,3,Clothing,Hankerchief
1233,B26010,176,-13,5,Furniture,Furnishings
1234,B26010,55,3,3,Clothing,T-shirt
1235,B26011,93,44,2,Clothing,Stole
1236,B26012,21,8,2,Clothing,Saree
1237,B26013,29,10,3,Clothing,Skirt
1238,B26014,406,97,7,Furniture,Chairs
1239,B26014,278,39,5,Furniture,Chairs
1240,B26015,128,55,1,Clothing,Saree
1241,B26016,74,9,3,Clothing,Shirt
1242,B26016,202,4,4,Clothing,Hankerchief
1243,B26016,429,61,3,Electronics,Electronic Games
1244,B26016,134,-13,3,Electronics,Electronic Games
1245,B26017,78,7,1,Furniture,Chairs
1246,B26018,326,107,3,Furniture,Furnishings
1247,B26018,61,8,4,Clothing,Hankerchief
1248,B26019,585,175,13,Clothing,T-shirt
1249,B26020,319,102,6,Electronics,Accessories
1250,B26021,122,59,7,Furniture,Furnishings
1251,B26021,49,21,1,Clothing,Stole
1252,B26021,21,-12,3,Clothing,Hankerchief
1253,B26022,1824,-1303,8,Electronics,Phones
1254,B26023,1117,447,10,Furniture,Bookcases
1255,B26023,29,0,3,Furniture,Furnishings
1256,B26023,66,22,3,Clothing,Stole
1257,B26023,59,21,2,Clothing,Stole
1258,B26024,168,18,6,Clothing,Stole
1259,B26025,155,5,3,Clothing,Stole
1260,B26025,32,1,2,Clothing,Stole
1261,B26025,41,19,5,Clothing,Hankerchief
1262,B26026,255,76,9,Clothing,Hankerchief
1263,B26026,25,2,3,Clothing,Kurti
1264,B26027,54,8,4,Clothing,T-shirt
1265,B26028,77,36,2,Clothing,Shirt
1266,B26028,115,0,1,Electronics,Accessories
1267,B26028,1272,547,2,Electronics,Phones
1268,B26029,21,10,1,Clothing,T-shirt
1269,B26030,92,5,6,Clothing,Hankerchief
1270,B26030,11,5,1,Clothing,Skirt
1271,B26030,221,35,4,Electronics,Accessories
1272,B26030,50,25,5,Clothing,Stole
1273,B26030,89,36,3,Clothing,Shirt
1274,B26030,291,93,2,Electronics,Printers
1275,B26031,67,9,4,Clothing,Leggings
1276,B26032,47,15,5,Clothing,Saree
1277,B26033,774,170,3,Electronics,Accessories
1278,B26033,143,32,1,Furniture,Bookcases
1279,B26033,111,35,5,Clothing,Shirt
1280,B26034,425,183,5,Electronics,Accessories
1281,B26035,291,119,11,Clothing,Saree
1282,B26035,520,151,3,Electronics,Phones
1283,B26035,369,15,3,Electronics,Electronic Games
1284,B26036,341,44,7,Furniture,Furnishings
1285,B26037,171,68,7,Clothing,Stole
1286,B26038,41,19,2,Clothing,T-shirt
1287,B26038,130,61,3,Clothing,Shirt
1288,B26038,52,14,2,Clothing,Stole
1289,B26038,30,6,1,Clothing,T-shirt
1290,B26039,83,34,5,Clothing,Shirt
1291,B26040,38,9,2,Clothing,Stole
1292,B26040,113,24,4,Clothing,Hankerchief
1293,B26040,833,93,3,Clothing,Trousers
1294,B26041,176,-28,5,Furniture,Furnishings
1295,B26042,36,15,3,Clothing,Stole
1296,B26043,185,48,4,Clothing,Stole
1297,B26043,62,28,5,Clothing,Hankerchief
1298,B26043,79,5,6,Clothing,Hankerchief
1299,B26043,30,12,3,Clothing,Skirt
1300,B26043,122,50,7,Clothing,Stole
1301,B26044,28,10,3,Clothing,Skirt
1302,B26045,302,75,6,Furniture,Furnishings
1303,B26045,376,0,7,Clothing,Stole
1304,B26045,179,77,1,Clothing,Saree
1305,B26045,27,5,1,Clothing,Stole
1306,B26046,32,3,8,Clothing,Hankerchief
1307,B26047,55,12,5,Clothing,Skirt
1308,B26048,163,81,2,Electronics,Accessories
1309,B26048,401,13,6,Furniture,Chairs
1310,B26048,1461,202,5,Furniture,Tables
1311,B26048,1104,209,4,Clothing,Trousers
1312,B26049,100,28,2,Clothing,Hankerchief
1313,B26050,325,32,7,Clothing,T-shirt
1314,B26050,169,55,4,Clothing,Saree
1315,B26050,487,143,4,Electronics,Phones
1316,B26050,166,27,2,Electronics,Accessories
1317,B26050,79,32,3,Clothing,Saree
1318,B26050,32,6,3,Clothing,Shirt
1319,B26050,38,9,2,Clothing,Stole
1320,B26050,284,44,6,Clothing,Hankerchief
1321,B26050,382,92,2,Electronics,Printers
1322,B26051,184,85,6,Clothing,T-shirt
1323,B26051,676,195,5,Furniture,Bookcases
1324,B26051,669,74,5,Furniture,Bookcases
1325,B26051,80,22,3,Clothing,Stole
1326,B26051,216,50,4,Clothing,Stole
1327,B26051,85,24,10,Clothing,Hankerchief
1328,B26051,382,119,2,Clothing,Saree
1329,B26051,490,88,2,Electronics,Accessories
1330,B26051,1337,147,7,Electronics,Printers
1331,B26051,600,102,5,Electronics,Electronic Games
1332,B26052,78,28,6,Clothing,Kurti
1333,B26052,101,16,4,Clothing,T-shirt
1334,B26052,145,0,3,Clothing,Saree
1335,B26052,148,23,4,Clothing,Kurti
1336,B26052,15,1,1,Clothing,Shirt
1337,B26052,25,7,2,Clothing,Stole
1338,B26052,774,170,3,Electronics,Accessories
1339,B26053,17,1,2,Clothing,Skirt
1340,B26053,246,61,2,Furniture,Bookcases
1341,B26053,425,208,7,Clothing,Saree
1342,B26053,93,31,3,Electronics,Accessories
1343,B26053,594,89,3,Furniture,Bookcases
1344,B26053,85,2,6,Clothing,Stole
1345,B26053,27,6,3,Clothing,Skirt
1346,B26053,120,1,1,Furniture,Chairs
1347,B26053,162,55,3,Clothing,Stole
1348,B26054,246,98,5,Clothing,Hankerchief
1349,B26054,88,20,2,Clothing,Saree
1350,B26054,88,19,2,Clothing,Shirt
1351,B26054,139,21,3,Electronics,Accessories
1352,B26054,139,36,3,Clothing,Stole
1353,B26054,138,11,5,Clothing,Stole
1354,B26054,156,23,3,Clothing,Stole
1355,B26054,559,174,2,Electronics,Electronic Games
1356,B26055,227,48,5,Clothing,Stole
1357,B26055,5729,64,14,Furniture,Chairs
1358,B26055,94,27,2,Clothing,T-shirt
1359,B26055,213,4,14,Clothing,Shirt
1360,B26055,250,-12,2,Electronics,Printers
1361,B26055,43,11,1,Clothing,Saree
1362,B26055,1218,420,8,Furniture,Bookcases
1363,B26055,671,114,9,Electronics,Phones
1364,B26055,57,7,2,Clothing,Shirt
1365,B26056,70,24,3,Clothing,Stole
1366,B26056,47,20,7,Clothing,Hankerchief
1367,B26056,33,9,2,Clothing,Hankerchief
1368,B26056,424,161,2,Clothing,Saree
1369,B26056,391,90,6,Electronics,Phones
1370,B26056,15,6,2,Clothing,Hankerchief
1371,B26056,101,11,2,Clothing,Hankerchief
1372,B26056,31,9,2,Clothing,Hankerchief
1373,B26056,220,40,2,Electronics,Accessories
1374,B26056,213,-145,3,Furniture,Bookcases
1375,B26056,19,-18,4,Clothing,Kurti
1376,B26056,206,18,4,Clothing,Hankerchief
1377,B26057,736,346,5,Electronics,Printers
1378,B26057,54,8,4,Clothing,T-shirt
1379,B26057,659,-37,2,Furniture,Bookcases
1380,B26057,224,87,3,Clothing,Trousers
1381,B26058,212,97,7,Clothing,Hankerchief
1382,B26059,20,6,1,Clothing,T-shirt
1383,B26060,382,68,3,Clothing,Saree
1384,B26061,508,203,2,Electronics,Accessories
1385,B26061,965,-68,3,Electronics,Printers
1386,B26061,206,12,1,Electronics,Printers
1387,B26061,642,180,5,Clothing,Saree
1388,B26061,109,52,2,Clothing,Stole
1389,B26061,27,8,2,Clothing,T-shirt
1390,B26062,44,-40,3,Clothing,Stole
1391,B26062,50,-17,2,Clothing,Stole
1392,B26062,13,-2,1,Clothing,Stole
1393,B26063,241,-77,4,Electronics,Electronic Games
1394,B26064,75,2,5,Clothing,Leggings
1395,B26064,61,3,4,Clothing,Hankerchief
1396,B26064,122,38,6,Clothing,T-shirt
1397,B26064,22,0,2,Clothing,Saree
1398,B26065,146,19,5,Clothing,Stole
1399,B26066,86,22,2,Clothing,Saree
1400,B26067,618,27,4,Furniture,Bookcases
1401,B26067,53,2,4,Clothing,Hankerchief
1402,B26067,1120,199,6,Clothing,Saree
1403,B26067,1137,-14,7,Electronics,Printers
1404,B26067,67,2,4,Clothing,T-shirt
1405,B26068,193,33,5,Electronics,Accessories
1406,B26069,55,18,2,Clothing,Kurti
1407,B26070,54,12,4,Clothing,Shirt
1408,B26070,582,262,5,Furniture,Furnishings
1409,B26070,75,29,1,Clothing,Trousers
1410,B26070,14,7,2,Clothing,Hankerchief
1411,B26071,21,4,3,Clothing,Hankerchief
1412,B26072,313,44,3,Electronics,Electronic Games
1413,B26073,37,17,3,Clothing,Hankerchief
1414,B26073,290,110,9,Clothing,Stole
1415,B26073,122,11,4,Clothing,Hankerchief
1416,B26073,29,9,3,Clothing,Saree
1417,B26073,1514,742,4,Electronics,Printers
1418,B26074,57,21,4,Clothing,Leggings
1419,B26075,34,12,2,Clothing,Stole
1420,B26076,91,22,2,Clothing,Stole
1421,B26076,133,46,5,Clothing,Shirt
1422,B26076,60,13,2,Clothing,T-shirt
1423,B26076,19,4,2,Clothing,Saree
1424,B26076,450,190,4,Furniture,Bookcases
1425,B26077,62,11,7,Clothing,Hankerchief
1426,B26078,17,8,2,Clothing,Skirt
1427,B26078,44,20,2,Clothing,T-shirt
1428,B26078,557,111,2,Electronics,Electronic Games
1429,B26078,137,63,3,Clothing,Stole
1430,B26079,18,3,2,Clothing,Hankerchief
1431,B26080,109,35,6,Clothing,T-shirt
1432,B26081,359,-338,5,Furniture,Bookcases
1433,B26081,93,-84,3,Clothing,Saree
1434,B26081,169,0,3,Electronics,Accessories
1435,B26081,79,33,4,Clothing,Stole
1436,B26081,24,11,3,Clothing,Hankerchief
1437,B26081,637,50,5,Clothing,Saree
1438,B26082,95,5,2,Clothing,Stole
1439,B26083,43,8,3,Clothing,Leggings
1440,B26083,145,16,3,Clothing,T-shirt
1441,B26083,34,3,3,Clothing,Saree
1442,B26083,143,6,2,Electronics,Accessories
1443,B26083,45,17,1,Electronics,Accessories
1444,B26084,209,-63,4,Electronics,Electronic Games
1445,B26085,86,22,2,Clothing,Saree
1446,B26085,1487,624,3,Clothing,Trousers
1447,B26085,40,17,2,Clothing,Stole
1448,B26085,132,-10,3,Clothing,Saree
1449,B26086,43,17,2,Clothing,T-shirt
1450,B26086,762,101,6,Electronics,Printers
1451,B26086,25,2,2,Clothing,Hankerchief
1452,B26087,119,56,7,Clothing,Saree
1453,B26087,46,13,3,Clothing,Hankerchief
1454,B26087,311,40,1,Electronics,Electronic Games
1455,B26087,40,10,2,Clothing,Stole
1456,B26087,180,0,8,Clothing,Stole
1457,B26088,11,5,2,Clothing,Hankerchief
1458,B26089,59,24,6,Clothing,Kurti
1459,B26089,27,4,1,Clothing,Hankerchief
1460,B26089,139,14,3,Clothing,Kurti
1461,B26090,80,22,3,Clothing,Stole
1462,B26091,158,69,3,Clothing,Stole
1463,B26091,29,10,4,Clothing,Hankerchief
1464,B26091,59,10,4,Clothing,Leggings
1465,B26092,97,14,2,Clothing,T-shirt
1466,B26093,33,-1,1,Clothing,Saree
1467,B26093,2847,712,8,Electronics,Printers
1468,B26093,852,51,5,Furniture,Bookcases
1469,B26093,492,187,2,Electronics,Accessories
1470,B26093,81,41,5,Clothing,Leggings
1471,B26093,49,5,4,Clothing,Hankerchief
1472,B26093,148,25,3,Clothing,Saree
1473,B26094,152,50,6,Clothing,Stole
1474,B26095,6,1,1,Clothing,Kurti
1475,B26096,45,9,3,Clothing,Leggings
1476,B26096,103,46,2,Clothing,Saree
1477,B26096,140,56,4,Clothing,Shirt
1478,B26096,88,11,3,Electronics,Accessories
1479,B26096,451,25,3,Electronics,Phones
1480,B26096,264,-26,3,Clothing,Trousers
1481,B26097,97,12,2,Clothing,Hankerchief
1482,B26097,14,5,1,Clothing,Hankerchief
1483,B26097,19,8,2,Clothing,Hankerchief
1484,B26097,39,18,2,Clothing,Leggings
1485,B26097,185,-26,6,Furniture,Chairs
1486,B26097,663,-212,5,Electronics,Printers
1487,B26097,671,-309,5,Electronics,Electronic Games
1488,B26098,82,8,3,Electronics,Accessories
1489,B26098,497,179,3,Furniture,Chairs
1490,B26098,96,48,5,Clothing,Leggings
1491,B26098,409,86,3,Clothing,Saree
1492,B26098,59,15,2,Clothing,T-shirt
1493,B26098,46,14,5,Clothing,Skirt
1494,B26099,9,3,1,Clothing,Skirt
1495,B26099,207,37,4,Clothing,Hankerchief
1496,B26099,835,267,5,Electronics,Phones
1497,B26099,2366,552,5,Clothing,Trousers
1498,B26100,828,230,2,Furniture,Chairs
1499,B26100,34,10,2,Clothing,T-shirt
1500,B26100,72,16,2,Clothing,Shirt
